model,best_threshold,samples,mean_iou,median_iou,weighted_iou,mean_precision,mean_recall,median_area_ratio_pred_to_obs,mean_area_ratio_pred_to_obs,soft_iou_mean,soft_iou_median
cell_HGB_tabular,0.05,172,0.1310189343295587,0.0950906678460858,0.1354688021354688,0.2528709682243512,0.4762747103821239,2.2532467532467533,10.351389227548095,0.0772157706991271,0.0591990418279848
UNet_patch_pos_weight_5,0.5,172,0.08271971016705522,0.03563633477518949,0.09012370868323274,0.14698274340656378,0.45567965552715944,4.026130291683878,37.02077700215296,0.05382847784994255,0.024769213274942487
